,Publisher,Title,URL,Date,2022-12-07,2022-12-09,2022-12-10,2022-12-11,2022-12-12,2022-12-13,2022-12-14,Afghanistan,Bangui,Bashar al-Assad,Britain,China,Dmitry Peskov,Dmitry Utkin,Donbas,Emmanuel Macron,France,Germany,Hungary,Iran,Joe Biden,Kadiivka,Kharkiv,Kyiv,Libya,Luhansk,Mali,Moscow,Nigeria,Odesa,Poland,Prigozhin,Russia,Russian Federation,Saint Petersburg,Saudi Arabia,Serhiy Gaidai,St Petersburg,St. Petersburg,Sudan,Syria,U.S.,UK,US,Ukraine,Ukrainian,United States,Vladimir Putin,Volodymyr Zelensky,Washington,Yevgeny Nuzhin,Yevgeny Prigozhin,colonies
0,The Daily Beast,Bombing of Vladimir Putin's 'Elite' Wagner Group Fighters in Ukraine Infuriates Russia - The Daily Beast,https://www.thedailybeast.com/bombing-of-vladimir-putins-elite-wagner-group-fighters-in-ukraine-infuriates-russia,"Tue, 13 Dec 2022 19:33:08 GMT",0,0,0,1,0,1,0,0,0,0,0,0,0,0,0,0,0,0,0,0,0,1,0,0,0,1,0,0,0,0,0,0,0,0,0,0,0,0,0,0,0,1,0,0,1,0,0,0,0,0,0,1,0
1,Newsweek,"Russian Soldiers Executed for Showing Fear, Captured Recruit Says - Newsweek",https://www.newsweek.com/russian-soldiers-executed-fear-wagner-ukraine-1766773,"Tue, 13 Dec 2022 15:51:49 GMT",0,0,0,0,0,0,0,0,0,0,0,0,1,0,1,0,0,0,0,0,0,0,0,0,0,0,0,0,0,0,0,0,1,0,0,0,0,0,1,0,0,0,0,0,1,0,0,0,0,0,1,1,1
2,bne IntelliNews,Russian paramilitary group Wagner reportedly opens 'cultural centre' in Belgrade - bne IntelliNews,https://www.intellinews.com/russian-paramilitary-group-wagner-reportedly-opens-cultural-centre-in-belgrade-264631/,"Thu, 08 Dec 2022 10:00:27 GMT",0,0,0,0,0,0,0,0,0,0,0,0,0,0,1,0,0,0,0,0,0,0,0,0,0,0,0,1,0,0,0,0,1,0,0,0,0,0,0,0,0,0,0,1,1,0,0,1,0,0,0,1,0
3,Newsweek,Russia's Wagner Group Is About More Than Mercenaries | Opinion - Newsweek,https://www.newsweek.com/russias-wagner-group-about-more-mercenaries-opinion-1766048,"Fri, 09 Dec 2022 17:51:26 GMT",0,0,0,0,0,0,0,0,0,0,0,0,0,0,0,0,0,0,0,0,0,0,0,0,1,0,0,0,0,0,0,0,1,1,0,0,0,0,0,1,1,1,1,0,1,0,1,1,0,0,0,1,0
4,CNN,US considering designating Russian mercenary group as a foreign terrorist organization - CNN,https://www.cnn.com/2022/11/30/politics/us-wagner-group-mercenaries-terrorists/index.html,"Wed, 30 Nov 2022 08:00:00 GMT",0,0,0,0,0,0,1,0,0,0,0,0,0,0,0,0,0,0,0,0,0,0,0,0,0,0,0,0,0,0,0,0,1,0,0,0,0,0,0,0,1,0,0,1,1,0,1,1,0,0,0,1,0
5,CNN,State Department adds Russian mercenary firm Wagner Group to entities of concern under International Religious Freedom Act - CNN,https://www.cnn.com/2022/12/02/politics/us-russia-wagner-group-religious-freedom-act/index.html,"Fri, 02 Dec 2022 08:00:00 GMT",0,1,0,0,0,0,0,0,0,0,0,1,0,0,0,0,0,0,0,1,0,0,0,0,0,0,0,0,1,0,0,0,1,0,0,1,0,0,0,0,0,0,0,1,0,0,1,0,0,0,0,1,0
6,The Washington Post,"Russia's Wagner Group mercenaries active in Africa's illicit diamond trade, report says - The Washington Post",https://www.washingtonpost.com/world/2022/12/06/wagner-group-mercenaries-africa-diamonds/,"Tue, 06 Dec 2022 12:00:00 GMT",0,0,0,0,0,0,0,0,0,0,0,0,0,0,0,0,0,0,0,0,0,0,0,0,0,0,0,0,0,0,0,0,0,0,0,0,0,0,0,0,0,0,0,0,0,0,0,0,0,0,0,0,0
7,Newsweek,"Notorious Wagner Group Targeting Volunteers in Ukraine, U.S. Trainer Says - Newsweek",https://www.newsweek.com/wagner-group-targeting-volunteers-ukraine-mozart-group-russia-andy-milburn-1765321,"Wed, 07 Dec 2022 13:54:41 GMT",0,0,0,0,0,0,0,0,0,0,0,0,0,0,1,0,0,0,0,0,0,0,0,0,1,0,0,1,0,0,0,0,1,0,0,0,0,0,0,0,1,1,0,0,1,1,0,1,0,0,0,1,0
8,CNN,Wagner Group boss and Russian oligarch Yevgeny Prigozhin applauds murder of former fighter - CNN,https://www.cnn.com/2022/11/14/europe/russia-yevgeny-prigozhin-wagner-group-mercenary-intl/index.html,"Mon, 14 Nov 2022 08:00:00 GMT",0,1,0,1,1,0,0,0,0,0,0,0,1,0,0,0,0,0,0,0,0,0,0,1,0,0,0,0,0,0,0,0,1,0,0,0,0,0,0,0,1,0,0,0,1,1,0,0,0,0,1,1,0
9,CNBC,"Ukraine war live updates: IAEA to permanently monitor nuclear plants; Belarus military drills put Ukraine, Poland on watch - CNBC",https://www.cnbc.com/2022/12/13/ukraine-war-live-updates-latest-news-on-russia-and-the-war-in-ukraine.html,"Tue, 13 Dec 2022 07:27:58 GMT",0,0,0,0,1,1,0,0,0,0,0,0,0,0,0,0,0,0,0,0,0,0,0,0,0,0,0,1,0,0,0,0,1,0,0,0,0,0,0,0,0,0,0,0,1,0,0,0,0,0,0,0,0
10,Fox News,"Russia's Wagner Group fighters burn through 2,000 rounds of ammo per day fighting determined Ukrainian army - Fox News",https://www.foxnews.com/world/russias-wagner-group-fighters-burn-through-2k-rounds-ammo-per-day-fighting-determined-ukrainian-army,"Thu, 08 Dec 2022 19:41:08 GMT",0,0,0,0,1,0,1,0,0,0,0,0,0,0,1,0,0,0,0,0,0,0,0,0,0,0,0,0,0,0,0,0,1,0,0,0,0,0,0,0,0,0,0,0,1,1,0,1,0,0,0,0,0
11,Fox News,"Russian Wagner Group penal recruit arrested after deserting war in Ukraine, firing on Russian policemen - Fox News",https://www.foxnews.com/world/russian-wagner-group-penal-recruit-arrested-deserting-war-ukraine-firing-russian-policemen,"Wed, 07 Dec 2022 15:17:13 GMT",1,0,0,0,0,1,0,0,0,0,0,0,0,0,0,0,0,0,0,0,0,0,0,0,0,1,0,0,0,0,0,0,1,0,0,0,0,0,0,0,0,0,0,0,1,0,0,0,0,0,0,1,0
12,Reuters,Lawsuit against Russia's Wagner group seeks Ukraine reparations: lawyer - Reuters,https://www.reuters.com/world/europe/lawsuit-against-russias-wagner-group-seeks-ukraine-reparations-lawyer-2022-12-07/,"Wed, 07 Dec 2022 17:24:00 GMT",1,0,0,0,0,0,0,0,0,0,1,0,0,0,1,0,0,0,0,0,0,0,0,1,1,0,0,1,0,0,0,0,1,0,0,0,0,0,0,0,1,0,0,0,1,0,0,1,0,1,0,0,0
13,Business Insider,Russian Paramilitary Group Asks for Intel on NATO States: Guardian - Business Insider,https://www.businessinsider.com/russia-paramiitary-group-asks-for-intel-on-nato-states-guardian-2022-12,"Mon, 12 Dec 2022 10:08:00 GMT",1,0,0,0,1,0,0,0,0,0,0,0,0,0,1,0,0,0,0,0,0,0,1,0,0,0,0,0,0,0,0,0,1,0,0,0,0,0,0,0,0,0,0,0,1,0,0,1,0,0,0,0,0
14,CNN,Russia's notorious Wagner group admits to recruiting Zambian inmate who died fighting in Ukraine - CNN,https://www.cnn.com/videos/world/2022/12/02/russia-wagner-group-zambia-recruit-killed-pleitgen-dnt-ebof-vpx.cnn,"Fri, 02 Dec 2022 08:00:00 GMT",0,0,0,0,0,0,0,0,0,0,0,0,0,0,0,0,0,0,0,0,0,0,0,0,0,0,0,0,0,0,0,0,0,0,0,0,0,0,0,0,0,0,0,0,0,0,0,0,0,0,0,0,0
15,Al Jazeera English,"Inside the Wagner Group, Russia’s mercenary force | Russia-Ukraine war News - Al Jazeera English",https://www.aljazeera.com/podcasts/2022/11/18/inside-the-wagner-group-russias-mercenary-force,"Fri, 18 Nov 2022 08:00:00 GMT",0,0,0,0,1,0,0,0,0,1,0,0,0,0,1,0,1,0,0,0,0,0,0,0,1,0,0,1,0,0,0,0,1,1,0,0,0,0,0,0,1,0,0,1,1,0,0,1,0,0,0,0,0
16,TRT World,Live blog: Ukraine strike hits Wagner group headquarters - official - TRT World,https://www.trtworld.com/europe/live-blog-biden-underscores-support-for-ukraine-in-call-with-zelenskyy-63443,"Mon, 12 Dec 2022 10:15:51 GMT",0,0,0,1,1,1,0,0,0,0,1,0,0,0,0,1,0,1,1,1,1,1,1,0,0,1,0,1,0,0,1,0,1,0,0,0,1,0,0,0,0,0,0,1,1,1,0,0,0,1,0,0,0
17,The Guardian,Family ‘horrified’ by video of sledgehammer killing of Wagner Group defector - The Guardian,https://www.theguardian.com/world/2022/nov/14/family-expresses-horror-at-video-of-killing-of-russian-wagner-group-defector,"Mon, 14 Nov 2022 08:00:00 GMT",0,1,0,1,1,0,0,0,0,1,0,0,1,0,0,0,0,0,0,0,0,0,0,0,0,0,0,1,0,0,0,0,1,0,0,0,0,0,0,0,1,0,0,0,1,0,0,1,0,0,1,1,0
18,The Daily Beast,Wagner Group Accused of Recruiting Prisoners From the Central African Republic for Russia's War in Ukraine - The Daily Beast,https://www.thedailybeast.com/wagner-group-accused-of-recruiting-prisoners-from-the-central-african-republic-for-russias-war-in-ukraine,"Tue, 29 Nov 2022 08:00:00 GMT",0,0,0,0,0,0,0,0,1,0,0,0,0,0,1,0,0,0,0,0,0,0,0,0,0,0,1,0,1,0,0,1,1,0,0,0,0,0,0,0,0,0,0,0,1,0,0,0,0,0,0,1,0
19,Al Jazeera English,US adds Wagner mercenaries to blacklist for religious persecution - Al Jazeera English,https://www.aljazeera.com/news/2022/12/3/us-adds-cuba-nicaragua-wagner-group-to-blacklist,"Sat, 03 Dec 2022 08:00:00 GMT",0,1,0,0,0,0,0,0,0,0,0,1,0,0,0,0,0,0,0,1,1,0,0,0,1,0,1,0,1,0,0,0,1,0,0,1,0,0,0,0,1,0,0,1,1,0,1,0,0,0,0,0,0
20,FRANCE 24 English,Zelensky proposes ‘global peace summit’ for Ukraine to G7 nations - FRANCE 24 English,https://www.france24.com/en/europe/20221212-live-eu-leaders-to-meet-to-agree-on-more-russia-sanctions,"Mon, 12 Dec 2022 06:42:34 GMT",0,0,0,1,1,1,0,0,0,0,0,0,1,0,1,1,1,1,1,1,1,1,0,1,0,1,0,1,0,1,1,0,1,0,0,0,1,0,0,0,0,0,0,1,1,1,1,1,1,0,0,0,0
21,Yahoo News,"Wagner Group mercenaries creating illusion of effectiveness, but suffering huge numbers of dead - Yahoo News",https://news.yahoo.com/wagner-group-mercenaries-creating-illusion-162800841.html,"Fri, 25 Nov 2022 08:00:00 GMT",0,0,0,0,0,0,0,0,0,0,0,0,0,0,0,0,0,0,0,0,0,0,0,0,0,0,0,0,0,0,0,0,0,0,0,0,0,0,0,0,0,0,0,0,1,0,0,0,0,0,0,0,0
22,Business Insider,Mysterious aircraft dropped bombs near Russia-linked Wagner Group base - Business Insider,https://www.businessinsider.com/mysterious-aircraft-bombed-near-russia-linked-wagner-group-mercenaries-base-2022-11,"Tue, 29 Nov 2022 08:00:00 GMT",0,0,0,0,0,0,0,0,1,0,1,0,0,0,0,0,0,0,0,0,0,0,0,0,1,0,0,1,0,0,0,0,1,0,0,0,0,0,0,0,0,0,0,0,1,0,0,1,0,0,0,1,0
23,CNN,"December 11, 2022 Russia-Ukraine news - CNN",https://www.cnn.com/europe/live-news/russia-ukraine-war-news-12-11-22/h_fb997c5874a992ecd687741ba36036a8,"Sun, 11 Dec 2022 18:24:00 GMT",0,0,1,1,0,0,0,0,0,0,0,0,0,0,0,0,0,0,0,0,0,1,0,0,0,1,0,0,0,0,0,0,1,0,0,0,0,0,0,0,1,0,0,0,1,0,0,1,0,0,0,1,0
24,Task & Purpose,"No, a former Marine general is not working for an infamous Russian mercenary group - Task & Purpose",https://taskandpurpose.com/news/marine-general-wagner-group-russia-ukraine/,"Tue, 29 Nov 2022 08:00:00 GMT",0,0,0,0,0,1,0,0,0,0,0,0,0,0,0,0,0,0,0,0,0,0,0,0,0,0,0,0,0,0,0,1,1,0,1,0,0,0,0,0,0,1,0,1,1,0,0,1,0,1,0,1,0
25,The Globe and Mail,"Ukraine strike hits Wagner group headquarters in Luhansk region, official says - The Globe and Mail",https://www.theglobeandmail.com/world/article-ukraine-strike-hits-wagner-group-headquarters-in-luhansk-region/,"Sun, 11 Dec 2022 21:10:06 GMT",0,0,1,1,0,0,0,0,0,0,0,0,0,0,0,0,0,0,0,0,0,1,0,0,0,1,0,0,0,0,0,0,1,0,0,0,1,0,0,0,0,0,0,0,1,0,0,0,0,0,0,0,0
26,Worldcrunch,The Prigozhin Method: Inside Wagner Group's Russian Prison Recruitment - Worldcrunch,https://worldcrunch.com/war-in-ukraine/prigozhin-wagner-group-prisons,"Sun, 20 Nov 2022 08:00:00 GMT",0,0,0,0,0,0,0,0,0,0,0,0,0,0,0,0,0,0,0,0,0,0,0,0,0,0,0,0,0,0,0,0,0,0,0,0,0,0,0,0,0,0,0,0,0,0,0,0,0,0,0,0,0
27,Newsweek,Fact Check: Did Wagner Group Founder Serve George W. Bush At Putin Dinner? - Newsweek,https://www.newsweek.com/fact-check-did-wagner-group-founder-serve-george-w-bush-putin-dinner-1762141,"Thu, 24 Nov 2022 08:00:00 GMT",0,0,0,0,0,1,0,0,0,0,0,0,0,0,0,0,0,0,0,0,0,0,0,0,0,0,1,1,0,0,0,1,1,1,0,0,0,1,1,1,0,1,0,1,1,0,1,1,0,1,0,1,0
28,Newsroom Odisha,Wagner Group mercenary videos top 1 billion views on TikTok - Newsroom Odisha,https://newsroomodisha.com/wagner-group-mercenary-videos-top-1-billion-views-on-tiktok/,"Thu, 01 Dec 2022 16:44:48 GMT",0,0,0,0,0,0,0,0,0,0,0,1,0,0,0,0,0,0,0,0,0,0,0,0,0,0,0,0,0,0,0,0,1,0,0,0,0,0,0,0,1,0,0,1,1,0,0,1,0,0,1,1,0
29,TVP World,Wagner group trades diamonds through an African company: Belgian media - TVP World,https://tvpworld.com/64871539/wagner-group-trades-diamonds-through-an-african-company-belgian-media,"Fri, 02 Dec 2022 13:09:59 GMT",0,0,0,0,0,0,0,0,0,0,0,0,0,0,0,0,0,0,0,0,0,0,0,0,0,0,0,1,0,0,0,0,1,0,0,0,0,0,0,1,0,1,0,0,1,0,0,0,0,0,0,0,0
30,Newsweek,Russian Commander 'Executed' Following Mass Desertions of His Unit: Report - Newsweek,https://www.newsweek.com/russian-commander-killed-executed-desertions-unit-donbas-1764622,"Mon, 05 Dec 2022 08:00:00 GMT",0,0,0,0,0,1,1,0,0,0,0,0,1,0,1,0,0,0,0,0,0,0,0,0,0,0,0,0,0,0,0,0,1,0,0,0,0,0,0,0,0,0,0,0,1,0,0,0,0,0,1,1,0
31,Yahoo News,"Chief of Wagner Group hands over ""blood-stained"" sledgehammer to EU Parliament - Yahoo News",https://news.yahoo.com/chief-wagner-group-hands-over-081141364.html,"Thu, 24 Nov 2022 08:00:00 GMT",0,0,0,0,0,0,0,0,0,0,0,0,0,0,0,0,0,0,0,0,0,0,0,0,0,0,0,0,0,0,0,0,1,1,0,0,0,0,0,0,1,0,0,0,1,0,0,1,0,0,1,1,1
32,Kyiv Post,"Wagner Group Denies Sending Letter Bombs, Bloody Packages, to Ukrainian Embassies - Kyiv Post",https://www.kyivpost.com/russias-war/wagner-group-denies-sending-letter-bombs-bloody-packages-to-ukrainian-embassies.html,"Mon, 05 Dec 2022 08:19:37 GMT",0,0,0,0,0,0,0,0,0,0,0,0,0,0,0,0,0,0,0,0,0,0,0,0,1,0,0,0,0,0,1,0,1,0,0,0,0,0,0,0,1,1,0,0,1,0,0,0,0,0,0,1,0
33,CNN,Body of Zambian national killed fighting in Ukraine returns home - CNN,https://www.cnn.com/2022/12/12/africa/lemekhani-body-returns-zambia-intl/index.html,"Mon, 12 Dec 2022 18:08:00 GMT",0,1,0,1,0,0,0,0,0,0,0,0,0,0,0,0,0,0,0,0,0,0,0,0,0,0,0,0,0,0,0,0,1,0,0,0,0,0,0,0,0,0,0,0,1,0,0,0,0,0,0,1,0
34,Al Arabiya English,Ex-US Marine general among Russia’s Wagner mercenaries: Founder Prigozhin - Al Arabiya English,https://english.alarabiya.net/News/world/2022/11/25/Ex-US-Marine-general-among-Russia-s-Wagner-mercenaries-Founder-Prigozhin,"Fri, 25 Nov 2022 08:00:00 GMT",0,1,0,0,0,0,0,0,0,0,0,0,0,0,0,0,0,0,0,0,0,0,0,0,0,0,0,1,0,0,0,0,1,0,1,0,0,0,0,0,0,0,0,1,1,0,0,0,0,0,0,1,0
35,The Daily Beast,"Former U.S. Marine General Working for Putin's Private Army, Founder Claims - The Daily Beast",https://www.thedailybeast.com/wagner-group-founder-yevgeny-prigozhin-claims-former-us-marine-general-working-in-putins-private-army,"Fri, 25 Nov 2022 16:07:03 GMT",0,0,0,0,0,0,0,0,0,0,0,0,0,0,0,0,0,0,0,0,0,0,0,0,0,0,0,0,0,0,0,0,0,0,0,0,0,0,0,0,0,0,0,0,0,0,0,0,0,0,0,0,0
36,Daily Mail,How the brutality of Russia's Wagner mercenaries echoes that of a reviled Nazi SS battalion - Daily Mail,https://www.dailymail.co.uk/news/article-11390513/How-brutality-Russias-Wagner-mercenaries-echoes-reviled-Nazi-SS-battalion.html,"Tue, 29 Nov 2022 08:00:00 GMT",0,0,0,0,0,0,0,0,0,0,0,0,0,1,1,0,0,1,0,0,0,0,0,0,0,0,1,0,0,0,1,0,1,0,1,0,0,0,1,1,1,0,0,0,1,0,0,0,0,0,1,1,1
37,POLITICO,'The Merchant of Death Is Back in Action' - POLITICO,https://www.politico.com/news/magazine/2022/12/12/viktor-bout-merchant-of-death-00073422,"Mon, 12 Dec 2022 09:30:00 GMT",0,0,0,0,0,0,0,1,0,0,0,0,0,0,0,0,0,0,0,0,0,0,0,0,0,0,0,1,0,0,0,0,0,0,0,0,0,0,0,0,0,1,0,0,0,0,1,0,0,0,0,0,0
38,The New Statesman,The brutal methods of Russia's Wagner Group - The New Statesman,https://www.newstatesman.com/world/europe/ukraine/2022/11/brutal-methods-russia-wagner-group-vladimir-putin,"Wed, 23 Nov 2022 08:00:00 GMT",0,0,0,0,0,0,0,1,0,0,0,1,0,0,1,0,0,0,0,0,0,0,0,0,0,0,0,1,0,0,0,0,1,0,1,0,0,0,0,0,0,0,0,1,1,1,0,1,1,0,1,1,0
39,CNN,"December 5, 2022 Russia-Ukraine news - CNN",https://www.cnn.com/europe/live-news/russia-ukraine-war-news-12-05-22/index.html,"Mon, 05 Dec 2022 07:12:40 GMT",0,0,1,0,1,1,0,0,0,0,0,0,0,0,0,0,0,0,0,0,0,0,0,0,0,0,0,0,0,0,0,0,1,0,0,0,0,0,0,0,0,0,0,0,1,0,0,0,0,0,0,0,0
40,The Moscow Times,Wagner Group Founder Steps Up Feud With St. Petersburg Governor - The Moscow Times,https://www.themoscowtimes.com/2022/11/14/wagner-group-founder-steps-up-feud-with-st-petersburg-governor-a79369,"Mon, 14 Nov 2022 08:00:00 GMT",0,0,0,1,0,0,0,0,0,0,0,0,0,0,0,0,0,0,0,0,0,0,0,1,0,0,0,1,0,0,0,0,1,0,0,0,0,0,1,0,0,0,0,0,1,0,0,0,0,0,0,1,0
41,TRT World,Live blog: No 'final deal' on fresh EU sanctions against Russia - Borrell - TRT World,https://www.trtworld.com/europe/live-blog-no-final-deal-on-fresh-eu-sanctions-against-russia-borrell-63443,"Mon, 12 Dec 2022 03:46:40 GMT",0,0,0,1,1,1,0,0,0,0,1,0,0,0,0,1,0,1,1,1,1,1,1,0,0,1,0,1,0,0,1,0,1,0,0,0,1,0,0,0,0,0,0,1,1,1,0,0,0,1,0,0,0
42,Ukrinform,"Briefing on the case ""People of Ukraine against ""Wagner Group"" - Ukrinform",https://www.ukrinform.net/rubric-other_news/3627695-briefing-on-the-case-people-of-ukraine-against-wagner-group.html,"Mon, 05 Dec 2022 10:45:00 GMT",0,0,0,0,0,1,0,0,0,0,0,0,0,0,0,0,0,0,0,0,0,0,0,0,0,0,0,0,0,0,0,0,0,0,0,0,0,0,0,0,0,0,0,0,1,0,0,0,0,0,0,0,0
43,ANI News,Russia's Wagner Group denies sending 'bloody packages' to Ukrainian embassies - ANI News,https://www.aninews.in/news/world/europe/russias-wagner-group-denies-sending-bloody-packages-to-ukrainian-embassies20221204075945,"Sun, 04 Dec 2022 08:00:00 GMT",0,0,0,0,0,0,0,0,0,0,0,0,0,0,0,0,0,0,0,0,0,0,0,0,0,0,0,1,0,0,1,0,1,0,0,0,0,0,0,0,0,0,0,0,0,0,0,0,0,0,0,1,0
44,ABC News,How two Australian soldiers became unwitting poster boys for Russian mercenary Wagner Group's Ukraine recruitment drive - ABC News,https://www.abc.net.au/news/2022-11-23/russia-ukraine-australian-soldiers-wagner-group/101677602,"Tue, 22 Nov 2022 08:00:00 GMT",0,0,0,0,0,0,0,1,0,0,0,0,0,0,0,0,0,0,0,0,0,0,0,1,0,0,0,0,0,0,0,0,1,0,0,0,0,0,0,0,1,0,0,1,1,0,1,0,0,0,0,1,0
45,Atlantic Council,Russian War Report: Pro-Kremlin Telegram channels promote news of TV Rain losing broadcasting license in Latvia - Atlantic Council,https://www.atlanticcouncil.org/blogs/new-atlanticist/russian-war-report-pro-kremlin-telegram-channels-promote-news-of-tv-rain-losing-broadcasting-license-in-latvia/,"Fri, 09 Dec 2022 19:14:35 GMT",1,0,0,0,0,1,1,0,0,0,0,0,0,0,0,0,0,1,0,0,0,0,0,1,0,0,0,1,0,1,0,0,1,0,1,0,0,0,0,0,0,0,0,0,1,1,1,0,0,0,0,0,0
46,Euro Weekly News,Wagner Group boss Prigozhin mocks FBI offering a reward for his arrest - Euro Weekly News,https://euroweeklynews.com/2022/11/26/wagner-group-boss-prigozhin-mocks-fbi-offering-a-reward-for-his-arrest/,"Sat, 26 Nov 2022 08:00:00 GMT",0,0,0,0,0,1,0,0,0,0,0,0,0,0,1,0,0,0,0,0,0,0,0,0,0,0,0,0,0,0,0,0,0,0,0,0,0,0,0,0,0,0,0,0,0,0,0,0,0,0,0,1,0
47,Newsweek,Fact Check: Were Post Malone and Garand Thumb In Ukraine With Wagner Group? - Newsweek,https://www.newsweek.com/fact-check-were-post-malone-garand-thumb-ukraine-wagner-group-1761731,"Wed, 23 Nov 2022 08:00:00 GMT",0,0,0,0,0,0,0,0,0,0,0,0,0,0,1,0,0,0,0,0,0,0,0,0,0,0,0,0,0,0,0,0,1,0,0,1,0,0,0,0,0,1,0,0,1,0,1,0,0,0,0,0,0
48,TFI Global News,Al-Qaeda’s Mali arm is terrified as Wagner group looks all set to eradicate it - TFI Global News,https://tfiglobalnews.com/2022/11/17/al-qaedas-mali-arm-is-terrified-as-wagner-group-looks-all-set-to-eradicate-it/,"Thu, 17 Nov 2022 08:00:00 GMT",0,0,0,0,0,0,0,0,0,0,0,0,0,0,0,0,1,0,0,0,0,0,0,0,0,0,1,1,0,0,0,0,1,0,0,0,0,0,0,0,0,0,0,1,0,0,0,0,0,0,0,0,0
49,CNN,"Ukraine launches missile attack on Russian-occupied Melitopol, explosions reported in Donetsk and Crimea - CNN",https://www.cnn.com/2022/12/11/europe/ukraine-crimea-melitopol-odesa-intl-hnk/index.html,"Sun, 11 Dec 2022 12:07:00 GMT",0,0,0,0,0,0,0,0,0,0,0,0,0,0,0,0,0,0,0,0,0,0,0,0,0,0,0,1,0,1,0,0,1,0,0,0,0,0,0,0,0,0,0,0,1,0,0,0,1,0,0,0,0
50,Critical Threats Project,"Russian Offensive Campaign Assessment, December 13 - Critical Threats Project",https://www.criticalthreats.org/analysis/russian-offensive-campaign-assessment-december-13,"Wed, 14 Dec 2022 01:56:19 GMT",0,0,0,0,0,0,0,0,0,0,0,0,0,0,0,0,0,0,0,0,0,0,0,0,0,0,0,0,0,0,0,0,0,0,0,0,0,0,0,0,0,0,0,0,0,0,0,0,0,0,0,0,0
51,The Telegraph,Founders of major Russian war blog with Wagner Group link are fantasy role play fans - The Telegraph,https://www.telegraph.co.uk/world-news/2022/11/23/founders-major-russian-war-blog-wagner-group-link-fantasy-role/,"Wed, 23 Nov 2022 08:00:00 GMT",0,0,0,0,0,0,0,0,0,0,0,0,0,0,0,0,0,0,0,0,0,0,0,0,0,0,0,0,0,0,0,0,1,0,0,0,0,0,0,0,0,0,0,1,1,0,0,0,0,0,0,0,0
52,Forces Network,Watch: Moment a Wagner Group mercenary appears to surrender to Ukrainian drone - Forces Network,https://www.forces.net/ukraine/moment-russian-soldier-appears-surrender-ukrainian-drone,"Mon, 28 Nov 2022 08:00:00 GMT",0,0,0,0,0,0,0,0,0,0,0,0,0,0,0,0,0,0,0,0,0,0,0,0,0,0,0,0,0,0,0,0,0,0,0,0,0,0,0,0,0,0,0,0,1,0,0,0,0,0,0,0,0
53,The Guardian,Emmanuel Macron accuses Russia of feeding disinformation in Africa - The Guardian,https://www.theguardian.com/world/2022/nov/20/emmanuel-macron-accuses-russia-of-feeding-disinformation-in-africa,"Sun, 20 Nov 2022 08:00:00 GMT",0,0,0,0,0,0,0,0,0,0,0,0,0,0,0,1,1,0,0,0,0,0,0,0,1,0,1,0,0,0,0,0,1,0,0,0,0,0,0,1,1,0,0,0,1,0,0,0,0,0,0,1,0
54,Frontier India,Russian Wagner Group forces Germany to withdraw from Mali - Frontier India,https://frontierindia.com/russian-wagner-group-forces-germany-to-withdraw-from-mali/,"Wed, 23 Nov 2022 08:00:00 GMT",0,0,0,0,0,0,0,0,0,0,0,0,0,0,0,0,1,1,0,0,0,0,0,0,1,0,1,0,0,0,0,0,1,0,0,0,0,0,0,0,1,0,1,1,1,0,1,0,0,0,0,0,0
55,CNN,Putin cancels his annual press conference. Hear ex-ambassador's theory why - CNN,https://www.cnn.com/videos/world/2022/12/13/john-sullivan-russia-putin-cancels-end-of-year-press-conference-sot-ebof-vpx.cnn,"Tue, 13 Dec 2022 02:52:11 GMT",0,0,0,0,0,0,0,0,0,0,0,0,0,0,0,0,0,0,0,0,0,0,0,0,0,0,0,0,0,0,0,0,0,0,0,0,0,0,0,0,0,0,0,0,0,0,0,0,0,0,0,0,0
56,Express,Putin's nuclear threats dismissed as Russian leader 'fears death' - Express,https://www.express.co.uk/news/world/1708314/Russian-losses-in-Ukraine-near-100-000-after-200-killed-in-strikes,"Tue, 13 Dec 2022 06:33:00 GMT",0,0,0,0,0,0,0,0,0,0,0,0,0,0,0,0,0,0,0,0,0,0,0,0,0,0,0,0,0,0,0,0,0,0,0,0,0,0,0,0,0,0,0,0,1,0,0,0,0,0,0,0,0
57,WION,"Morning brief: Protests escalate in Peru; no negotiations with UK nurses; Ukraine hits Wagner group, and more - WION",https://www.wionews.com/world/morning-brief-protests-escalate-in-peru-no-negotiations-with-uk-nurses-ukraine-hits-wagner-group-and-more-542146,"Mon, 12 Dec 2022 04:21:09 GMT",0,0,0,1,0,0,0,0,0,0,0,0,0,0,0,0,0,0,0,0,0,0,0,0,0,0,0,0,0,0,0,0,1,0,0,0,0,0,0,0,0,0,1,0,1,0,0,0,0,0,0,0,0
58,Washington Examiner,Lloyd Austin says 'Russia continuing to peddle cheap weapons' in Africa - Washington Examiner,https://www.washingtonexaminer.com/policy/defense-national-security/lloyd-austin-russia-weapons-africa,"Tue, 13 Dec 2022 22:28:00 GMT",0,0,0,0,0,1,0,0,0,0,0,1,0,0,0,0,0,0,0,0,0,0,0,0,1,0,1,0,0,0,0,0,1,0,0,0,0,0,0,0,0,1,0,0,1,0,1,0,0,1,0,0,0
59,msnNOW,International investigation reveals Wagner Group looting and exporting Central African diamonds to Europe - msnNOW,https://www.msn.com/en-ca/news/world/international-investigation-reveals-wagner-group-looting-and-exporting-central-african-diamonds-to-europe/ar-AA14Qh6j,"Fri, 02 Dec 2022 20:57:08 GMT",0,0,0,0,0,0,0,0,1,0,0,0,0,0,0,0,0,0,0,0,0,0,0,0,0,0,0,1,0,0,0,0,1,0,0,0,0,0,0,0,0,0,0,0,0,0,0,0,0,0,0,0,0
60,Eurasia Review,Kremlin Ideologists Go All Out To Romanticize Vicious Wagner 'Private Military Company' – OpEd - Eurasia Review,https://www.eurasiareview.com/11122022-kremlin-ideologists-go-all-out-to-romanticize-vicious-wagner-private-military-company-oped/,"Sun, 11 Dec 2022 04:10:21 GMT",0,0,0,0,0,1,0,0,0,0,0,0,0,0,0,0,0,0,0,0,0,0,0,0,0,0,0,0,0,0,0,0,1,0,0,0,0,0,0,0,0,0,0,0,1,0,0,0,0,0,0,0,0
61,CNN,Expert calls out 'bizarre' comments by Viktor Bout on Russian TV - CNN,https://www.cnn.com/videos/media/2022/12/12/dougherty-viktor-bout-maria-butina-russia-tv-interview-sot-vpx-ovn-intl.cnn,"Mon, 12 Dec 2022 09:33:48 GMT",0,0,0,0,0,0,0,0,0,0,0,0,0,0,0,0,0,0,0,0,0,0,0,0,0,0,0,0,0,0,0,0,0,0,0,0,0,0,0,0,0,0,0,0,0,0,0,0,0,0,0,0,0
62,The Bulwark,New Depths of Russian Insanity as Putin's Ukraine Debacle Continues - The Bulwark,https://www.thebulwark.com/new-depths-of-russian-insanity-as-putins-ukraine-debacle-continues/,"Thu, 17 Nov 2022 08:00:00 GMT",0,0,0,0,0,0,0,0,0,0,0,0,1,0,0,0,0,0,0,0,0,0,0,1,0,0,0,0,0,0,0,0,1,0,0,0,0,0,1,0,1,0,0,0,1,1,0,1,1,0,1,1,1
63,Euro Weekly News,WATCH: Russia’s Wagner Group mercenaries use TOS-1A thermobaric MLRS in Ukraine’s Bakhmut - Euro Weekly News,https://euroweeklynews.com/2022/11/17/wagner-group-tos-1a-thermobaric-mlrs-bakhmut/,"Thu, 17 Nov 2022 08:00:00 GMT",0,0,0,0,0,1,0,0,0,0,0,0,0,0,0,0,0,0,0,0,0,0,0,0,0,0,0,0,0,0,0,0,1,0,0,0,0,0,0,0,0,0,0,0,1,1,0,0,0,0,0,0,0
64,FRANCE 24 English,"'All eyes on Wagner' project: Widespread reports of abuses, massacres in Mali - FRANCE 24 English",https://www.france24.com/en/video/20221121-all-eyes-on-wagner-project-widespread-reports-of-abuses-massacres-in-mali,"Mon, 21 Nov 2022 08:00:00 GMT",0,0,0,0,0,1,0,0,0,0,0,0,0,0,0,0,0,0,0,0,0,0,0,0,0,0,1,0,0,0,0,0,0,0,0,0,0,0,0,0,0,0,0,0,0,0,0,0,0,0,0,0,0
65,Inkstick,A New US-Africa Partnership Must Start with Diplomacy - Inkstick,https://inkstickmedia.com/a-new-us-africa-partnership-must-start-with-diplomacy/,"Tue, 13 Dec 2022 17:14:52 GMT",0,0,0,0,0,1,0,0,0,0,0,1,0,0,0,0,0,0,0,0,0,0,0,0,0,0,0,0,1,0,0,0,1,0,0,0,0,0,0,0,0,0,0,1,1,0,1,0,0,0,0,0,0
66,news.com.au,Putin’s shame over Aussie photograph - news.com.au,https://www.news.com.au/technology/online/social/australian-sas-soldiers-dragged-into-russias-desperate-pr-stunt/news-story/5cba29fa51136dc4bf2d2279e31ec1ab,"Wed, 30 Nov 2022 08:00:00 GMT",0,0,0,0,0,0,0,0,0,0,0,0,0,0,0,0,0,0,0,0,0,0,0,0,0,0,0,0,0,0,0,0,0,0,0,0,0,0,0,0,0,0,0,0,0,0,0,0,0,0,0,0,0
67,CNN,Intercepted phone call reveals dwindling conditions for Russian forces - CNN,https://www.cnn.com/videos/world/2022/12/08/russia-putin-sot-intercepted-phone-call-russian-soldier-ukraine-ebof-vpx.cnn,"Thu, 08 Dec 2022 18:17:39 GMT",0,0,0,0,0,0,0,0,0,0,0,0,0,0,0,0,0,0,0,0,0,0,0,0,0,0,0,0,0,0,0,0,0,0,0,0,0,0,0,0,0,0,0,0,0,0,0,0,0,0,0,0,0
68,Daily Kos,Target: Melitopol & Wagner - Daily Kos,https://www.dailykos.com/stories/2022/12/12/2141397/-Target-Melitopol-Wagner,"Mon, 12 Dec 2022 10:12:30 GMT",0,0,0,0,1,1,0,0,0,0,0,0,0,0,0,0,0,0,0,0,0,0,0,0,0,0,0,1,0,1,0,1,1,0,0,0,0,0,0,0,0,0,0,0,1,0,0,0,0,0,0,0,0
69,CNN,"December 3, 2022 Russia-Ukraine news - CNN",https://www.cnn.com/europe/live-news/russia-ukraine-war-news-12-03-22/index.html,"Sat, 03 Dec 2022 08:00:00 GMT",0,1,1,0,0,0,0,0,0,0,0,0,0,0,0,0,0,0,0,0,0,0,0,0,0,0,0,0,0,0,1,0,1,0,0,0,0,0,0,0,0,0,0,0,1,0,0,1,1,0,0,0,0
70,Monocle,"Monday 12 December, The Briefing 2911 - Radio - Monocle",https://monocle.com/radio/shows/the-briefing/2911/,"Mon, 12 Dec 2022 12:56:15 GMT",0,0,0,0,0,0,0,0,0,0,0,0,0,0,0,0,0,0,0,0,0,0,0,0,0,0,0,0,0,0,0,0,1,0,0,1,0,0,0,0,0,0,0,1,0,0,0,0,0,0,0,0,0
71,CNN,Putin makes rare public comment about who's to blame for attacks - CNN,https://www.cnn.com/videos/world/2022/12/09/russia-ukraine-putin-champagne-reception-ripley-live-es-intl-ldn-vpx.cnn,"Fri, 09 Dec 2022 11:20:10 GMT",0,0,0,0,0,0,0,0,0,0,0,0,0,0,0,0,0,0,0,0,0,0,0,0,0,0,0,0,0,0,0,0,0,0,0,0,0,0,0,0,0,0,0,0,0,0,0,0,0,0,0,0,0
72,Al Jazeera English,"Shrouded in secrecy for years, Russia’s Wagner Group opens up - Al Jazeera English",https://www.aljazeera.com/news/2022/8/10/wagner-private-group-now-an-extension-of-russias-military,"Wed, 10 Aug 2022 07:00:00 GMT",0,0,0,0,0,0,0,0,1,1,0,0,0,1,0,0,1,0,0,0,0,0,0,0,0,0,0,1,0,0,0,0,1,0,0,0,0,0,0,1,1,0,0,1,1,0,1,0,0,0,0,1,0
73,iNews,'They plant mines everywhere': British soldier in Ukraine details Russian 'war crimes' - iNews,https://inews.co.uk/news/british-soldier-in-ukraine-details-alleged-wagner-group-war-crimes-they-plant-mines-everywhere-1968784,"Mon, 14 Nov 2022 08:00:00 GMT",0,0,0,0,0,0,0,1,0,0,0,0,0,0,0,0,0,0,0,0,0,0,0,0,0,0,0,0,0,0,0,0,1,0,0,0,0,0,0,0,0,0,1,1,1,0,0,0,0,0,0,0,0
74,SOFREP,"Desperate for Soldiers, Russia May Have Recruited 23,000 from Prisons - SOFREP",https://sofrep.com/news/desperate-for-soldiers-russia-may-have-recruited-23000-from-prisons/,"Sun, 27 Nov 2022 08:00:00 GMT",0,0,0,0,0,0,1,0,0,0,0,0,0,0,0,0,0,0,0,0,0,0,0,0,1,0,0,0,0,0,0,0,1,0,0,0,0,0,0,0,1,0,0,0,1,0,0,1,0,0,0,0,1
75,LatestLY,The Biden Administration is Weighing Whether to Label Russia's Wagner Group as a Foreign ... - Latest Tweet - LatestLY,https://www.latestly.com/socially/business/the-biden-administration-is-weighing-whether-to-label-russias-wagner-group-as-a-foreign-latest-tweet-by-bloomberg-2-4524140.html,"Tue, 29 Nov 2022 08:00:00 GMT",0,0,0,0,0,0,0,0,0,0,0,0,0,0,0,0,0,0,0,0,0,0,0,0,0,0,0,0,0,0,0,0,1,0,0,0,0,0,0,0,0,0,0,0,0,0,0,0,0,0,0,0,0
76,CNN,"'Mud, blood, trenches': Ukrainian soldier compares Bakhmut battle to World Wars - CNN",https://www.cnn.com/videos/world/2022/12/07/ukraine-hospital-doctors-injured-soldiers-kiley-dnt-lead-vpx.cnn,"Thu, 08 Dec 2022 03:14:30 GMT",0,0,0,0,0,0,0,0,0,0,0,0,0,0,0,0,0,0,0,0,0,0,0,0,0,0,0,0,0,0,0,0,0,0,0,0,0,0,0,0,0,0,0,0,0,0,0,0,0,0,0,0,0
77,The Economist,"Who is Yevgeny Prigozhin, the man behind the Wagner Group? - The Economist",https://www.economist.com/the-economist-explains/2022/09/29/who-is-yevgeny-prigozhin-the-man-behind-the-wagner-group,"Thu, 29 Sep 2022 07:00:00 GMT",0,0,0,0,0,0,0,0,0,0,0,0,0,1,1,0,0,0,0,0,0,0,0,0,1,0,0,0,0,0,0,0,1,0,0,0,0,1,0,0,1,0,0,0,1,0,0,1,0,0,0,1,0
78,NPR,This former Russian Wagner mercenary is the first to speak publicly - NPR,https://www.npr.org/2022/06/06/1102603897/wagner-group-mercenary-russia-ukraine-war,"Mon, 06 Jun 2022 07:00:00 GMT",0,0,0,0,0,1,0,1,0,0,0,0,0,0,1,0,1,0,0,0,0,0,0,0,1,0,1,0,0,0,0,0,1,0,0,0,0,0,0,1,1,1,0,0,1,0,0,1,0,0,0,1,0
79,CNN,"Devastation on Ukraine's eastern front, where the notorious Wagner group is making gains - CNN",https://www.cnn.com/2022/10/19/europe/ukraine-war-bakhmut-struggle-intl/index.html,"Thu, 20 Oct 2022 07:00:00 GMT",0,0,0,0,0,0,0,0,0,0,0,0,0,0,0,0,0,0,0,0,0,0,0,0,0,0,0,0,0,0,0,0,1,0,0,0,0,0,0,0,0,0,0,0,1,0,0,1,1,0,0,1,0
80,The Intercept,Inside the Aggressive Legal War to Shield the Founder of Russia's Wagner Group - The Intercept,https://theintercept.com/2022/10/19/russia-hack-wagner-group-yevgeny-prigozhin/,"Wed, 19 Oct 2022 07:00:00 GMT",0,0,0,0,0,0,1,0,0,0,0,0,0,0,0,0,0,0,0,0,0,0,0,0,1,1,0,1,0,0,0,1,1,0,0,0,0,0,1,0,1,1,1,1,1,0,1,1,0,0,0,1,0
81,BBC,Wagner Group: Head of Russian mercenary group filmed recruiting in prison - BBC,https://www.bbc.com/news/world-europe-62911618,"Thu, 15 Sep 2022 07:00:00 GMT",0,0,0,0,0,0,0,0,0,0,0,0,0,0,0,0,0,0,0,0,0,0,0,0,0,0,0,0,0,0,0,0,0,0,0,0,0,0,0,0,0,0,0,0,1,0,0,0,0,0,0,0,0
82,DW (English),Russia pushes military diplomacy in Africa amid Ukraine war - DW (English),https://www.dw.com/en/russia-pushes-military-diplomacy-in-africa-amid-ukraine-war/a-63785349,"Thu, 17 Nov 2022 08:00:00 GMT",0,0,0,0,0,0,0,0,0,0,0,0,0,0,0,0,0,0,0,0,0,0,0,0,1,0,1,1,1,0,0,0,1,0,0,0,0,0,0,1,0,0,0,1,1,0,1,0,0,0,0,0,0
83,CNN,"First on CNN: Russian mercenary group constructs anti-tank fortification, satellite images show - CNN",https://www.cnn.com/2022/10/22/europe/russia-anti-tank-fortification-intl/index.html,"Sat, 22 Oct 2022 07:00:00 GMT",1,0,0,0,0,0,0,0,0,0,0,0,0,0,0,0,0,0,0,0,0,0,0,0,0,0,0,0,0,0,0,0,0,0,0,0,0,0,0,0,0,0,0,0,1,0,0,0,0,0,0,0,0
84,Lawfare,It's Time to Designate Wagner Group as a Foreign Terrorist Organization - Lawfare,https://www.lawfareblog.com/its-time-designate-wagner-group-foreign-terrorist-organization,"Thu, 30 Jun 2022 07:00:00 GMT",0,0,0,0,0,1,1,0,0,0,0,0,0,1,0,0,0,0,0,1,0,0,0,0,1,0,1,0,0,0,0,1,1,0,0,0,0,0,0,0,1,1,0,0,1,0,1,1,0,0,0,1,0
85,CNN,Leader of Russia's notorious Wagner group believed to have confronted Putin about the war - CNN,https://www.cnn.com/videos/world/2022/10/29/russia-wagner-group-leader-confronts-putin-ukraine-war-bell-pkg-ebof-vpx.cnn,"Sat, 29 Oct 2022 07:00:00 GMT",0,0,0,0,0,0,0,0,0,0,0,0,0,0,0,0,0,0,0,0,0,0,0,0,0,0,0,0,0,0,0,0,0,0,0,0,0,0,0,0,0,0,0,0,0,0,0,0,0,0,0,0,0
86,Middle East Eye,Russian prisoners recruited by Wagner 'already captured by Ukrainian forces' - Middle East Eye,https://www.middleeasteye.net/news/wagner-group-russia-prisoners-captured-ukrainian-forces,"Fri, 16 Sep 2022 07:00:00 GMT",0,0,0,0,1,0,0,0,0,0,0,0,0,0,0,0,0,0,0,0,0,0,1,0,1,0,1,1,0,0,0,1,1,0,0,0,0,0,0,0,1,0,0,0,1,0,0,1,0,0,0,1,0
87,Al Jazeera English,Russia’s Wagner Group founder admits to US election interference - Al Jazeera English,https://www.aljazeera.com/news/2022/11/7/wagner-group-founder-admits-to-us-election-interference,"Mon, 07 Nov 2022 08:00:00 GMT",0,1,0,0,1,0,0,0,0,0,0,0,0,0,0,0,0,0,0,0,0,0,0,0,0,0,0,0,0,0,0,0,1,0,0,0,0,1,0,0,1,0,0,1,1,0,1,0,0,0,0,1,0
88,The Economist,"What is the Wagner Group, Russia's mercenary organisation? - The Economist",https://www.economist.com/the-economist-explains/2022/03/07/what-is-the-wagner-group-russias-mercenary-organisation,"Mon, 07 Mar 2022 08:00:00 GMT",0,0,0,0,0,0,0,0,0,0,0,0,0,1,0,0,0,0,0,0,0,0,0,0,1,1,1,0,0,0,0,0,1,0,0,0,0,0,0,0,1,0,0,0,1,0,0,1,1,0,0,1,0
89,ACLED,Wagner Group Operations in Africa: Civilian Targeting Trends in the Central African Republic and Mali - ACLED,https://acleddata.com/2022/08/30/wagner-group-operations-in-africa-civilian-targeting-trends-in-the-central-african-republic-and-mali/,"Tue, 30 Aug 2022 07:00:00 GMT",0,0,0,0,0,0,0,0,0,0,0,0,0,0,0,0,1,0,0,0,0,0,0,0,1,0,1,0,0,0,0,0,0,0,0,0,0,0,0,1,1,0,0,0,1,0,0,0,0,0,0,0,0
90,Express,Putin's elite Wagner forces spotted surrendering from drone footage - Express,https://www.express.co.uk/news/world/1698686/ukraine-live-updates-kyiv-power-cuts-outages-russia-missiles,"Sun, 20 Nov 2022 08:00:00 GMT",0,0,0,0,0,0,0,0,0,0,0,0,0,0,0,0,0,0,0,0,0,0,0,0,0,0,0,0,0,0,0,0,1,0,0,0,0,0,0,0,0,0,0,0,1,0,0,0,0,0,0,0,0
91,Middle East Eye,Wagner Group lures foreign mercenaries with bumped-up salaries as Russia suffers losses - Middle East Eye,https://www.middleeasteye.net/news/wagner-group-russia-foreign-mercenaries-salaries-suffers-losses,"Thu, 06 Oct 2022 07:00:00 GMT",0,0,0,0,0,0,0,0,0,0,0,0,0,0,0,0,0,1,1,0,0,0,0,0,1,0,0,0,0,0,1,0,1,0,0,0,0,0,0,1,1,0,0,0,1,0,0,1,0,0,0,1,0
92,The Washington Post,"What is the Wagner Group, the Russian mercenary entity in Ukraine? - The Washington Post",https://www.washingtonpost.com/world/2022/04/09/wagner-group-russia-uraine-mercenaries/,"Sat, 09 Apr 2022 07:00:00 GMT",0,0,0,0,0,0,0,0,0,0,0,0,0,0,0,0,0,0,0,0,0,0,0,0,0,0,0,0,0,0,0,0,0,0,0,0,0,0,0,0,0,0,0,0,0,0,0,0,0,0,0,0,0
93,The Guardian,Russia’s Wagner Group ‘have as much power in Kremlin as ministers’ - The Guardian,https://www.theguardian.com/world/2022/nov/01/russias-wagner-group-have-as-much-power-in-kremlin-as-ministers,"Tue, 01 Nov 2022 07:00:00 GMT",0,0,0,0,0,0,0,0,0,0,0,0,0,0,0,0,0,0,0,0,0,0,0,0,0,0,0,0,0,0,0,0,1,0,0,0,0,0,0,0,0,0,1,0,1,0,0,1,0,0,0,1,0
94,Geopoliticalmonitor.com,Wagner Group: The Case for a Terrorist Designation - Geopoliticalmonitor.com,https://www.geopoliticalmonitor.com/wagner-group-the-case-for-a-terrorist-designation/,"Thu, 10 Nov 2022 08:00:00 GMT",0,0,0,0,0,0,0,0,0,0,0,0,0,1,1,0,0,0,0,0,0,0,0,0,0,0,1,0,0,0,0,1,1,0,1,0,0,0,0,1,1,0,0,1,1,0,0,0,0,0,0,1,0
95,PassBlue,An Ex-Wagner Group Mercenary Throws Open the Door on the Russian Operation - PassBlue,https://www.passblue.com/2022/10/10/an-ex-wagner-group-mercenary-throws-open-the-door-on-the-russian-operation/,"Mon, 10 Oct 2022 07:00:00 GMT",0,0,0,0,0,0,0,0,0,1,0,0,0,0,1,0,1,1,0,0,0,0,0,0,1,1,1,0,0,0,0,1,1,0,0,0,0,0,1,1,1,0,0,0,1,1,1,1,0,0,0,1,0
96,The Guardian,Russia’s Wagner Group opens defence tech centre in St Petersburg - The Guardian,https://www.theguardian.com/world/2022/nov/04/russias-wagner-group-opens-defence-tech-centre-in-st-petersburg,"Fri, 04 Nov 2022 07:00:00 GMT",0,1,0,0,0,0,0,0,0,0,0,0,0,1,0,0,0,0,0,0,0,0,0,0,1,0,0,0,0,0,0,1,1,0,0,0,0,1,0,1,1,0,0,1,1,0,0,0,0,0,0,1,0
97,Critical Threats Project,"Russian Offensive Campaign Assessment, November 17 - Critical Threats Project",https://www.criticalthreats.org/analysis/russian-offensive-campaign-assessment-november-17,"Thu, 17 Nov 2022 08:00:00 GMT",0,0,0,0,0,0,0,0,0,0,0,0,0,0,1,0,0,0,0,0,0,1,1,0,0,1,0,0,0,1,0,0,1,1,1,0,0,0,0,0,0,0,0,0,1,1,0,1,0,0,0,0,0
98,The Washington Post,"In Ukraine, the notorious Russian Wagner group is recruiting. Murderers are welcome. - The Washington Post",https://www.washingtonpost.com/world/2022/08/17/ukraine-russia-wagner-group-mercenaries/,"Thu, 18 Aug 2022 07:00:00 GMT",0,0,0,0,0,0,0,0,0,0,0,0,0,0,0,0,0,0,0,0,0,0,0,0,0,0,0,0,0,0,0,0,0,0,0,0,0,0,0,0,0,0,0,0,0,0,0,0,0,0,0,0,0
